// Akvo RSR is covered by the GNU Affero General Public License.
// See more details in the license.txt file located at the root folder of the
// Akvo RSR module. For additional details on the GNU license please see
// < http://www.gnu.org/licenses/agpl.html >.


// Codes and names of the M.49 UN country and region codelist", for use in the filter suggestions

[
    {
        "code": "1",
        "name": "World"
    },
    {
        "code": "2",
        "name": "Africa"
    },
    {
        "code": "3",
        "name": "North America"
    },
    {
        "code": "4",
        "name": "Afghanistan"
    },
    {
        "code": "5",
        "name": "South America"
    },
    {
        "code": "8",
        "name": "Albania"
    },
    {
        "code": "9",
        "name": "Oceania"
    },
    {
        "code": "11",
        "name": "Western Africa"
    },
    {
        "code": "12",
        "name": "Algeria"
    },
    {
        "code": "13",
        "name": "Central America"
    },
    {
        "code": "14",
        "name": "Eastern Africa"
    },
    {
        "code": "15",
        "name": "Northern Africa"
    },
    {
        "code": "16",
        "name": "American Samoa"
    },
    {
        "code": "17",
        "name": "Middle Africa"
    },
    {
        "code": "18",
        "name": "Southern Africa"
    },
    {
        "code": "19",
        "name": "Americas"
    },
    {
        "code": "20",
        "name": "Andorra"
    },
    {
        "code": "21",
        "name": "Northern America"
    },
    {
        "code": "24",
        "name": "Angola"
    },
    {
        "code": "28",
        "name": "Antigua and Barbuda"
    },
    {
        "code": "29",
        "name": "Caribbean"
    },
    {
        "code": "30",
        "name": "Eastern Asia"
    },
    {
        "code": "31",
        "name": "Azerbaijan"
    },
    {
        "code": "32",
        "name": "Argentina"
    },
    {
        "code": "34",
        "name": "Southern Asia"
    },
    {
        "code": "35",
        "name": "South-Eastern Asia"
    },
    {
        "code": "36",
        "name": "Australia"
    },
    {
        "code": "39",
        "name": "Southern Europe"
    },
    {
        "code": "40",
        "name": "Austria"
    },
    {
        "code": "44",
        "name": "Bahamas"
    },
    {
        "code": "48",
        "name": "Bahrain"
    },
    {
        "code": "50",
        "name": "Bangladesh"
    },
    {
        "code": "51",
        "name": "Armenia"
    },
    {
        "code": "52",
        "name": "Barbados"
    },
    {
        "code": "53",
        "name": "Australia and New Zealand"
    },
    {
        "code": "54",
        "name": "Melanesia"
    },
    {
        "code": "56",
        "name": "Belgium"
    },
    {
        "code": "57",
        "name": "Micronesia"
    },
    {
        "code": "60",
        "name": "Bermuda"
    },
    {
        "code": "61",
        "name": "Polynesia"
    },
    {
        "code": "64",
        "name": "Bhutan"
    },
    {
        "code": "68",
        "name": "Bolivia (Plurinational State of)"
    },
    {
        "code": "70",
        "name": "Bosnia and Herzegovina"
    },
    {
        "code": "72",
        "name": "Botswana"
    },
    {
        "code": "76",
        "name": "Brazil"
    },
    {
        "code": "84",
        "name": "Belize"
    },
    {
        "code": "90",
        "name": "Solomon Islands"
    },
    {
        "code": "92",
        "name": "British Virgin Islands"
    },
    {
        "code": "96",
        "name": "Brunei Darussalam"
    },
    {
        "code": "100",
        "name": "Bulgaria"
    },
    {
        "code": "104",
        "name": "Myanmar"
    },
    {
        "code": "108",
        "name": "Burundi"
    },
    {
        "code": "112",
        "name": "Belarus"
    },
    {
        "code": "116",
        "name": "Cambodia"
    },
    {
        "code": "120",
        "name": "Cameroon"
    },
    {
        "code": "124",
        "name": "Canada"
    },
    {
        "code": "132",
        "name": "Cabo Verde"
    },
    {
        "code": "136",
        "name": "Cayman Islands"
    },
    {
        "code": "140",
        "name": "Central African Republic"
    },
    {
        "code": "142",
        "name": "Asia"
    },
    {
        "code": "143",
        "name": "Central Asia"
    },
    {
        "code": "144",
        "name": "Sri Lanka"
    },
    {
        "code": "145",
        "name": "Western Asia"
    },
    {
        "code": "148",
        "name": "Chad"
    },
    {
        "code": "150",
        "name": "Europe"
    },
    {
        "code": "151",
        "name": "Eastern Europe"
    },
    {
        "code": "152",
        "name": "Chile"
    },
    {
        "code": "154",
        "name": "Northern Europe"
    },
    {
        "code": "155",
        "name": "Western Europe"
    },
    {
        "code": "156",
        "name": "China"
    },
    {
        "code": "170",
        "name": "Colombia"
    },
    {
        "code": "174",
        "name": "Comoros"
    },
    {
        "code": "175",
        "name": "Mayotte"
    },
    {
        "code": "178",
        "name": "Congo"
    },
    {
        "code": "180",
        "name": "Democratic Republic of the Congo"
    },
    {
        "code": "184",
        "name": "Cook Islands"
    },
    {
        "code": "188",
        "name": "Costa Rica"
    },
    {
        "code": "191",
        "name": "Croatia"
    },
    {
        "code": "192",
        "name": "Cuba"
    },
    {
        "code": "196",
        "name": "Cyprus"
    },
    {
        "code": "203",
        "name": "Czech Republic"
    },
    {
        "code": "204",
        "name": "Benin"
    },
    {
        "code": "208",
        "name": "Denmark"
    },
    {
        "code": "212",
        "name": "Dominica"
    },
    {
        "code": "214",
        "name": "Dominican Republic"
    },
    {
        "code": "218",
        "name": "Ecuador"
    },
    {
        "code": "222",
        "name": "El Salvador"
    },
    {
        "code": "226",
        "name": "Equatorial Guinea"
    },
    {
        "code": "231",
        "name": "Ethiopia"
    },
    {
        "code": "232",
        "name": "Eritrea"
    },
    {
        "code": "233",
        "name": "Estonia"
    },
    {
        "code": "234",
        "name": "Faeroe Islands"
    },
    {
        "code": "238",
        "name": "Falkland Islands (Malvinas)"
    },
    {
        "code": "242",
        "name": "Fiji"
    },
    {
        "code": "246",
        "name": "Finland"
    },
    {
        "code": "248",
        "name": "Åland Islands"
    },
    {
        "code": "250",
        "name": "France"
    },
    {
        "code": "254",
        "name": "French Guiana"
    },
    {
        "code": "258",
        "name": "French Polynesia"
    },
    {
        "code": "262",
        "name": "Djibouti"
    },
    {
        "code": "266",
        "name": "Gabon"
    },
    {
        "code": "268",
        "name": "Georgia"
    },
    {
        "code": "270",
        "name": "Gambia"
    },
    {
        "code": "275",
        "name": "State of Palestine"
    },
    {
        "code": "276",
        "name": "Germany"
    },
    {
        "code": "288",
        "name": "Ghana"
    },
    {
        "code": "292",
        "name": "Gibraltar"
    },
    {
        "code": "296",
        "name": "Kiribati"
    },
    {
        "code": "300",
        "name": "Greece"
    },
    {
        "code": "304",
        "name": "Greenland"
    },
    {
        "code": "308",
        "name": "Grenada"
    },
    {
        "code": "312",
        "name": "Guadeloupe"
    },
    {
        "code": "316",
        "name": "Guam"
    },
    {
        "code": "320",
        "name": "Guatemala"
    },
    {
        "code": "324",
        "name": "Guinea"
    },
    {
        "code": "328",
        "name": "Guyana"
    },
    {
        "code": "332",
        "name": "Haiti"
    },
    {
        "code": "336",
        "name": "Holy See"
    },
    {
        "code": "340",
        "name": "Honduras"
    },
    {
        "code": "344",
        "name": "China, Hong Kong Special Administrative Region"
    },
    {
        "code": "348",
        "name": "Hungary"
    },
    {
        "code": "352",
        "name": "Iceland"
    },
    {
        "code": "356",
        "name": "India"
    },
    {
        "code": "360",
        "name": "Indonesia"
    },
    {
        "code": "364",
        "name": "Iran (Islamic Republic of)"
    },
    {
        "code": "368",
        "name": "Iraq"
    },
    {
        "code": "372",
        "name": "Ireland"
    },
    {
        "code": "376",
        "name": "Israel"
    },
    {
        "code": "380",
        "name": "Italy"
    },
    {
        "code": "384",
        "name": "Cote d'Ivoire"
    },
    {
        "code": "388",
        "name": "Jamaica"
    },
    {
        "code": "392",
        "name": "Japan"
    },
    {
        "code": "398",
        "name": "Kazakhstan"
    },
    {
        "code": "400",
        "name": "Jordan"
    },
    {
        "code": "404",
        "name": "Kenya"
    },
    {
        "code": "408",
        "name": "Democratic People's Republic of Korea"
    },
    {
        "code": "410",
        "name": "Republic of Korea"
    },
    {
        "code": "414",
        "name": "Kuwait"
    },
    {
        "code": "417",
        "name": "Kyrgyzstan"
    },
    {
        "code": "418",
        "name": "Lao People's Democratic Republic"
    },
    {
        "code": "419",
        "name": "Latin America and the Caribbean"
    },
    {
        "code": "422",
        "name": "Lebanon"
    },
    {
        "code": "426",
        "name": "Lesotho"
    },
    {
        "code": "428",
        "name": "Latvia"
    },
    {
        "code": "430",
        "name": "Liberia"
    },
    {
        "code": "434",
        "name": "Libya"
    },
    {
        "code": "438",
        "name": "Liechtenstein"
    },
    {
        "code": "440",
        "name": "Lithuania"
    },
    {
        "code": "442",
        "name": "Luxembourg"
    },
    {
        "code": "446",
        "name": "China, Macao Special Administrative Region"
    },
    {
        "code": "450",
        "name": "Madagascar"
    },
    {
        "code": "454",
        "name": "Malawi"
    },
    {
        "code": "458",
        "name": "Malaysia"
    },
    {
        "code": "462",
        "name": "Maldives"
    },
    {
        "code": "466",
        "name": "Mali"
    },
    {
        "code": "470",
        "name": "Malta"
    },
    {
        "code": "474",
        "name": "Martinique"
    },
    {
        "code": "478",
        "name": "Mauritania"
    },
    {
        "code": "480",
        "name": "Mauritius"
    },
    {
        "code": "484",
        "name": "Mexico"
    },
    {
        "code": "492",
        "name": "Monaco"
    },
    {
        "code": "496",
        "name": "Mongolia"
    },
    {
        "code": "498",
        "name": "Republic of Moldova"
    },
    {
        "code": "499",
        "name": "Montenegro"
    },
    {
        "code": "500",
        "name": "Montserrat"
    },
    {
        "code": "504",
        "name": "Morocco"
    },
    {
        "code": "508",
        "name": "Mozambique"
    },
    {
        "code": "512",
        "name": "Oman"
    },
    {
        "code": "516",
        "name": "Namibia"
    },
    {
        "code": "520",
        "name": "Nauru"
    },
    {
        "code": "524",
        "name": "Nepal"
    },
    {
        "code": "528",
        "name": "Netherlands"
    },
    {
        "code": "531",
        "name": "Curaçao"
    },
    {
        "code": "533",
        "name": "Aruba"
    },
    {
        "code": "534",
        "name": "Sint Maarten (Dutch part)"
    },
    {
        "code": "535",
        "name": "Bonaire, Sint Eustatius and Saba"
    },
    {
        "code": "540",
        "name": "New Caledonia"
    },
    {
        "code": "548",
        "name": "Vanuatu"
    },
    {
        "code": "554",
        "name": "New Zealand"
    },
    {
        "code": "558",
        "name": "Nicaragua"
    },
    {
        "code": "562",
        "name": "Niger"
    },
    {
        "code": "566",
        "name": "Nigeria"
    },
    {
        "code": "570",
        "name": "Niue"
    },
    {
        "code": "574",
        "name": "Norfolk Island"
    },
    {
        "code": "578",
        "name": "Norway"
    },
    {
        "code": "580",
        "name": "Northern Mariana Islands"
    },
    {
        "code": "583",
        "name": "Micronesia (Federated States of)"
    },
    {
        "code": "584",
        "name": "Marshall Islands"
    },
    {
        "code": "585",
        "name": "Palau"
    },
    {
        "code": "586",
        "name": "Pakistan"
    },
    {
        "code": "591",
        "name": "Panama"
    },
    {
        "code": "598",
        "name": "Papua New Guinea"
    },
    {
        "code": "600",
        "name": "Paraguay"
    },
    {
        "code": "604",
        "name": "Peru"
    },
    {
        "code": "608",
        "name": "Philippines"
    },
    {
        "code": "612",
        "name": "Pitcairn"
    },
    {
        "code": "616",
        "name": "Poland"
    },
    {
        "code": "620",
        "name": "Portugal"
    },
    {
        "code": "624",
        "name": "Guinea Bissau"
    },
    {
        "code": "626",
        "name": "Timor-Leste"
    },
    {
        "code": "630",
        "name": "Puerto Rico"
    },
    {
        "code": "634",
        "name": "Qatar"
    },
    {
        "code": "638",
        "name": "Réunion"
    },
    {
        "code": "642",
        "name": "Romania"
    },
    {
        "code": "643",
        "name": "Russian Federation"
    },
    {
        "code": "646",
        "name": "Rwanda"
    },
    {
        "code": "652",
        "name": "Saint-Barthélemy"
    },
    {
        "code": "654",
        "name": "Saint Helena"
    },
    {
        "code": "659",
        "name": "Saint Kitts and Nevis"
    },
    {
        "code": "660",
        "name": "Anguilla"
    },
    {
        "code": "662",
        "name": "Saint Lucia"
    },
    {
        "code": "663",
        "name": "Saint Martin (French part)"
    },
    {
        "code": "666",
        "name": "Saint Pierre and Miquelon"
    },
    {
        "code": "670",
        "name": "Saint Vincent and the Grenadines"
    },
    {
        "code": "674",
        "name": "San Marino"
    },
    {
        "code": "678",
        "name": "Sao Tome and Principe"
    },
    {
        "code": "682",
        "name": "Saudi Arabia"
    },
    {
        "code": "686",
        "name": "Senegal"
    },
    {
        "code": "688",
        "name": "Serbia"
    },
    {
        "code": "690",
        "name": "Seychelles"
    },
    {
        "code": "694",
        "name": "Sierra Leone"
    },
    {
        "code": "702",
        "name": "Singapore"
    },
    {
        "code": "703",
        "name": "Slovakia"
    },
    {
        "code": "704",
        "name": "Viet Nam"
    },
    {
        "code": "705",
        "name": "Slovenia"
    },
    {
        "code": "706",
        "name": "Somalia"
    },
    {
        "code": "710",
        "name": "South Africa"
    },
    {
        "code": "716",
        "name": "Zimbabwe"
    },
    {
        "code": "724",
        "name": "Spain"
    },
    {
        "code": "728",
        "name": "South Sudan"
    },
    {
        "code": "729",
        "name": "Sudan"
    },
    {
        "code": "732",
        "name": "Western Sahara"
    },
    {
        "code": "740",
        "name": "Suriname"
    },
    {
        "code": "744",
        "name": "Svalbard and Jan Mayen Islands"
    },
    {
        "code": "748",
        "name": "Swaziland"
    },
    {
        "code": "752",
        "name": "Sweden"
    },
    {
        "code": "756",
        "name": "Switzerland"
    },
    {
        "code": "760",
        "name": "Syrian Arab Republic"
    },
    {
        "code": "762",
        "name": "Tajikistan"
    },
    {
        "code": "764",
        "name": "Thailand"
    },
    {
        "code": "768",
        "name": "Togo"
    },
    {
        "code": "772",
        "name": "Tokelau"
    },
    {
        "code": "776",
        "name": "Tonga"
    },
    {
        "code": "780",
        "name": "Trinidad and Tobago"
    },
    {
        "code": "784",
        "name": "United Arab Emirates"
    },
    {
        "code": "788",
        "name": "Tunisia"
    },
    {
        "code": "792",
        "name": "Turkey"
    },
    {
        "code": "795",
        "name": "Turkmenistan"
    },
    {
        "code": "796",
        "name": "Turks and Caicos Islands"
    },
    {
        "code": "798",
        "name": "Tuvalu"
    },
    {
        "code": "800",
        "name": "Uganda"
    },
    {
        "code": "804",
        "name": "Ukraine"
    },
    {
        "code": "807",
        "name": "The former Yugoslav Republic of Macedonia"
    },
    {
        "code": "818",
        "name": "Egypt"
    },
    {
        "code": "826",
        "name": "United Kingdom of Great Britain and Northern Ireland"
    },
    {
        "code": "831",
        "name": "Guernsey"
    },
    {
        "code": "832",
        "name": "Jersey"
    },
    {
        "code": "833",
        "name": "Isle of Man"
    },
    {
        "code": "834",
        "name": "United Republic of Tanzania"
    },
    {
        "code": "840",
        "name": "United States of America"
    },
    {
        "code": "850",
        "name": "United States Virgin Islands"
    },
    {
        "code": "854",
        "name": "Burkina Faso"
    },
    {
        "code": "858",
        "name": "Uruguay"
    },
    {
        "code": "860",
        "name": "Uzbekistan"
    },
    {
        "code": "862",
        "name": "Venezuela (Bolivarian Republic of)"
    },
    {
        "code": "876",
        "name": "Wallis and Futuna Islands"
    },
    {
        "code": "882",
        "name": "Samoa"
    },
    {
        "code": "887",
        "name": "Yemen"
    },
    {
        "code": "894",
        "name": "Zambia"
    }
]
