[
  {
    "value": "BF",
    "label": "Burkina Faso"
  },
  {
    "value": "BF-01",
    "label": "Burkina Faso > Boucle du Mouhoun"
  },
  {
    "value": "BF-02",
    "label": "Burkina Faso > Cascades"
  },
  {
    "value": "BF-03",
    "label": "Burkina Faso > Centre"
  },
  {
    "value": "BF-04",
    "label": "Burkina Faso > Centre-Est"
  },
  {
    "value": "BF-05",
    "label": "Burkina Faso > Centre-Nord"
  },
  {
    "value": "BF-06",
    "label": "Burkina Faso > Centre-Ouest"
  },
  {
    "value": "BF-07",
    "label": "Burkina Faso > Centre-Sud"
  },
  {
    "value": "BF-08",
    "label": "Burkina Faso > Est"
  },
  {
    "value": "BF-09",
    "label": "Burkina Faso > Hauts-Bassins"
  },
  {
    "value": "BF-10",
    "label": "Burkina Faso > Nord"
  },
  {
    "value": "BF-11",
    "label": "Burkina Faso > Plateau-Central"
  },
  {
    "value": "BF-12",
    "label": "Burkina Faso > Sahel"
  },
  {
    "value": "BF-13",
    "label": "Burkina Faso > Sud-Ouest"
  },
  {
    "value": "BI",
    "label": "Burundi"
  },
  {
    "value": "BI-BB",
    "label": "Burundi > Bubanza"
  },
  {
    "value": "BI-BM",
    "label": "Burundi > Bujumbura Mairie"
  },
  {
    "value": "BI-BL",
    "label": "Burundi > Bujumbura Rural"
  },
  {
    "value": "BI-BR",
    "label": "Burundi > Bururi"
  },
  {
    "value": "BI-CA",
    "label": "Burundi > Cankuzo"
  },
  {
    "value": "BI-CI",
    "label": "Burundi > Cibitoke"
  },
  {
    "value": "BI-GI",
    "label": "Burundi > Gitega"
  },
  {
    "value": "BI-KR",
    "label": "Burundi > Karuzi"
  },
  {
    "value": "BI-KY",
    "label": "Burundi > Kayanza"
  },
  {
    "value": "BI-KI",
    "label": "Burundi > Kirundo"
  },
  {
    "value": "BI-MA",
    "label": "Burundi > Makamba"
  },
  {
    "value": "BI-MU",
    "label": "Burundi > Muramvya"
  },
  {
    "value": "BI-MY",
    "label": "Burundi > Muyinga"
  },
  {
    "value": "BI-MW",
    "label": "Burundi > Mwaro"
  },
  {
    "value": "BI-NG",
    "label": "Burundi > Ngozi"
  },
  {
    "value": "BI-RM",
    "label": "Burundi > Rumonge"
  },
  {
    "value": "BI-RT",
    "label": "Burundi > Rutana"
  },
  {
    "value": "BI-RY",
    "label": "Burundi > Ruyigi"
  },
  {
    "value": "BJ",
    "label": "Benin"
  },
  {
    "value": "BJ-AL",
    "label": "Benin > Alibori"
  },
  {
    "value": "BJ-AK",
    "label": "Benin > Atacora"
  },
  {
    "value": "BJ-AQ",
    "label": "Benin > Atlantique"
  },
  {
    "value": "BJ-BO",
    "label": "Benin > Borgou"
  },
  {
    "value": "BJ-CO",
    "label": "Benin > Collines"
  },
  {
    "value": "BJ-KO",
    "label": "Benin > Couffo"
  },
  {
    "value": "BJ-DO",
    "label": "Benin > Donga"
  },
  {
    "value": "BJ-LI",
    "label": "Benin > Littoral"
  },
  {
    "value": "BJ-MO",
    "label": "Benin > Mono"
  },
  {
    "value": "BJ-OU",
    "label": "Benin > Ouémé"
  },
  {
    "value": "BJ-PL",
    "label": "Benin > Plateau"
  },
  {
    "value": "BJ-ZO",
    "label": "Benin > Zou"
  },
  {
    "value": "CD",
    "label": "Democratic Republic of the Congo"
  },
  {
    "value": "CD-BU",
    "label": "Democratic Republic of the Congo > Bas-Uélé"
  },
  {
    "value": "CD-HK",
    "label": "Democratic Republic of the Congo > Haut-Katanga"
  },
  {
    "value": "CD-HL",
    "label": "Democratic Republic of the Congo > Haut-Lomami"
  },
  {
    "value": "CD-HU",
    "label": "Democratic Republic of the Congo > Haut-Uélé"
  },
  {
    "value": "CD-IT",
    "label": "Democratic Republic of the Congo > Ituri"
  },
  {
    "value": "CD-KS",
    "label": "Democratic Republic of the Congo >  Kasaï"
  },
  {
    "value": "CD-KC",
    "label": "Democratic Republic of the Congo > Kasaï-Central"
  },
  {
    "value": "CD-KE",
    "label": "Democratic Republic of the Congo >  Kasaï-Oriental"
  },
  {
    "value": "CD-KN",
    "label": "Democratic Republic of the Congo > Kinshasa"
  },
  {
    "value": "CD-BC",
    "label": "Democratic Republic of the Congo > Kongo Central"
  },
  {
    "value": "CD-KG",
    "label": "Democratic Republic of the Congo > Kwango"
  },
  {
    "value": "CD-KL",
    "label": "Democratic Republic of the Congo > Kwilu"
  },
  {
    "value": "CD-LO",
    "label": "Democratic Republic of the Congo > Lomami"
  },
  {
    "value": "CD-LU",
    "label": "Democratic Republic of the Congo > Lualaba"
  },
  {
    "value": "CD-MN",
    "label": "Democratic Republic of the Congo > Mai-Ndombe"
  },
  {
    "value": "CD-MA",
    "label": "Democratic Republic of the Congo > Maniema"
  },
  {
    "value": "CD-MO",
    "label": "Democratic Republic of the Congo > Mongala"
  },
  {
    "value": "CD-NK",
    "label": "Democratic Republic of the Congo > Nord-Kivu"
  },
  {
    "value": "CD-NU",
    "label": "Democratic Republic of the Congo > Nord-Ubangi"
  },
  {
    "value": "CD-SA",
    "label": "Democratic Republic of the Congo > Sankuru"
  },
  {
    "value": "CD-SK",
    "label": "Democratic Republic of the Congo > Sud-Kivu"
  },
  {
    "value": "CD-SU",
    "label": "Democratic Republic of the Congo > Sud-Ubangi"
  },
  {
    "value": "CD-TA",
    "label": "Democratic Republic of the Congo > Tanganyika"
  },
  {
    "value": "CD-TO",
    "label": "Democratic Republic of the Congo > Tshopo"
  },
  {
    "value": "CD-TU",
    "label": "Democratic Republic of the Congo > Tshuapa"
  },
  {
    "value": "CD-EQ",
    "label": "Democratic Republic of the Congo > Équateur"
  },
  {
    "value": "CI",
    "label": "Côte d'Ivoire"
  },
  {
    "value": "CI-AB",
    "label": "Côte d'Ivoire > Abidjan"
  },
  {
    "value": "CI-BS",
    "label": "Côte d'Ivoire > Bas-Sassandra"
  },
  {
    "value": "CI-CM",
    "label": "Côte d'Ivoire > Comoé"
  },
  {
    "value": "CI-DN",
    "label": "Côte d'Ivoire > Denguélé"
  },
  {
    "value": "CI-GD",
    "label": "Côte d'Ivoire > Gôh-Djiboua"
  },
  {
    "value": "CI-LC",
    "label": "Côte d'Ivoire > Lacs"
  },
  {
    "value": "CI-LG",
    "label": "Côte d'Ivoire > Lagunes"
  },
  {
    "value": "CI-MG",
    "label": "Côte d'Ivoire > Montagnes"
  },
  {
    "value": "CI-SM",
    "label": "Côte d'Ivoire > Sassandra-Marahoué"
  },
  {
    "value": "CI-SV",
    "label": "Côte d'Ivoire > Savanes"
  },
  {
    "value": "CI-VB",
    "label": "Côte d'Ivoire > Vallée du Bandama"
  },
  {
    "value": "CI-WR",
    "label": "Côte d'Ivoire > Woroba"
  },
  {
    "value": "CI-YM",
    "label": "Côte d'Ivoire > Yamoussoukro"
  },
  {
    "value": "CI-ZZ",
    "label": "Côte d'Ivoire > Zanzan"
  },
  {
    "value": "CM",
    "label": "Cameroun"
  },
  {
    "value": "CM-AD",
    "label": "Cameroun > Adamaoua"
  },
  {
    "value": "CM-CE",
    "label": "Cameroun > Centre"
  },
  {
    "value": "CM-EN",
    "label": "Cameroun > Extrême-Nord"
  },
  {
    "value": "CM-ES",
    "label": "Cameroun > Est"
  },
  {
    "value": "CM-LT",
    "label": "Cameroun > Littoral"
  },
  {
    "value": "CM-NO",
    "label": "Cameroun > Nord"
  },
  {
    "value": "CM-NW",
    "label": "Cameroun > Nord-Ouest"
  },
  {
    "value": "CM-OU",
    "label": "Cameroun > Ouest"
  },
  {
    "value": "CM-SU",
    "label": "Cameroun > Sud"
  },
  {
    "value": "CM-SW",
    "label": "Cameroun > Sud-Ouest"
  },
  {
    "value": "CV",
    "label": "Cabo Verde"
  },
  {
    "value": "CV-BR",
    "label": "Cabo Verde > Brava"
  },
  {
    "value": "CV-BV",
    "label": "Cabo Verde > Boa Vista"
  },
  {
    "value": "CV-CA",
    "label": "Cabo Verde > Santa Catarina"
  },
  {
    "value": "CV-CF",
    "label": "Cabo Verde > Santa Catarina do Fogo"
  },
  {
    "value": "CV-CR",
    "label": "Cabo Verde > Santa Cruz"
  },
  {
    "value": "CV-MA",
    "label": "Cabo Verde > Maio"
  },
  {
    "value": "CV-MO",
    "label": "Cabo Verde > Mosteiros"
  },
  {
    "value": "CV-PA",
    "label": "Cabo Verde > Paul"
  },
  {
    "value": "CV-PN",
    "label": "Cabo Verde > Porto Novo"
  },
  {
    "value": "CV-PR",
    "label": "Cabo Verde > Praia"
  },
  {
    "value": "CV-RB",
    "label": "Cabo Verde > Ribeira Brava"
  },
  {
    "value": "CV-RG",
    "label": "Cabo Verde > Ribeira Grande"
  },
  {
    "value": "CV-RS",
    "label": "Cabo Verde > Ribeira Grande de Santiago"
  },
  {
    "value": "CV-SD",
    "label": "Cabo Verde > São Domingos"
  },
  {
    "value": "CV-SF",
    "label": "Cabo Verde > São Filipe"
  },
  {
    "value": "CV-SL",
    "label": "Cabo Verde > Sal"
  },
  {
    "value": "CV-SM",
    "label": "Cabo Verde > São Miguel"
  },
  {
    "value": "CV-SO",
    "label": "Cabo Verde > São Lourenço dos Órgãos"
  },
  {
    "value": "CV-SS",
    "label": "Cabo Verde > São Salvador do Mundo"
  },
  {
    "value": "CV-SV",
    "label": "Cabo Verde > São Vicente"
  },
  {
    "value": "CV-TA",
    "label": "Cabo Verde > Tarrafal"
  },
  {
    "value": "CV-TS",
    "label": "Cabo Verde > Tarrafal de São Nicolau"
  },
  {
    "value": "DJ",
    "label": "Djibouti"
  },
  {
    "value": "DJ-AR",
    "label": "Djibouti > Arta"
  },
  {
    "value": "DJ-AS",
    "label": "Djibouti > Ali Sabieh"
  },
  {
    "value": "DJ-DI",
    "label": "Djibouti > Dikhil"
  },
  {
    "value": "DJ-DJ",
    "label": "Djibouti > Djibouti"
  },
  {
    "value": "DJ-OB",
    "label": "Djibouti > Obock"
  },
  {
    "value": "DJ-TA",
    "label": "Djibouti > Tadjourah"
  },
  {
    "value": "DZ",
    "label": "Algeria"
  },
  {
    "value": "DZ-16",
    "label": "Algeria > Alger"
  },
  {
    "value": "DZ-31",
    "label": "Algeria > Oran"
  },
  {
    "value": "EG",
    "label": "Egypt"
  },
  {
    "value": "EG-ALX",
    "label": "Egypt > Alexandria"
  },
  {
    "value": "EG-AST",
    "label": "Egypt > Asyut"
  },
  {
    "value": "EG-BH",
    "label": "Egypt > Beheira"
  },
  {
    "value": "EG-C",
    "label": "Egypt > Cairo"
  },
  {
    "value": "EG-LX",
    "label": "Egypt > Luxor"
  },
  {
    "value": "EG-MN",
    "label": "Egypt > Minya"
  },
  {
    "value": "ER",
    "label": "Eritrea"
  },
  {
    "value": "ER-AN",
    "label": "Eritrea > Anseba"
  },
  {
    "value": "ER-DK",
    "label": "Eritrea > Southern Red Sea"
  },
  {
    "value": "ER-DU",
    "label": "Eritrea > Debub"
  },
  {
    "value": "ER-GB",
    "label": "Eritrea > Gash-Barka"
  },
  {
    "value": "ER-MA",
    "label": "Eritrea > Maekel"
  },
  {
    "value": "ER-SK",
    "label": "Eritrea > Northern Red Sea"
  },
  {
    "value": "ET",
    "label": "Ethiopia"
  },
  {
    "value": "ET-AA",
    "label": "Ethiopia > Addis Ababa"
  },
  {
    "value": "ET-AF",
    "label": "Ethiopia > Afar"
  },
  {
    "value": "ET-AM",
    "label": "Ethiopia > Amara"
  },
  {
    "value": "ET-BE",
    "label": "Ethiopia > Benshangul-Gumaz"
  },
  {
    "value": "ET-DD",
    "label": "Ethiopia > Dire Dawa"
  },
  {
    "value": "ET-GA",
    "label": "Ethiopia > Gambela Peoples"
  },
  {
    "value": "ET-HA",
    "label": "Ethiopia > Harari People"
  },
  {
    "value": "ET-OR",
    "label": "Ethiopia > Oromia"
  },
  {
    "value": "ET-SN",
    "label": "Ethiopia > Southern Nations, Nationalities and Peoples"
  },
  {
    "value": "ET-SO",
    "label": "Ethiopia > Somali"
  },
  {
    "value": "ET-TI",
    "label": "Ethiopia > Tigrai"
  },
  {
    "value": "GH",
    "label": "Ghana"
  },
  {
    "value": "GH-AA",
    "label": "Ghana > Greater Accra"
  },
  {
    "value": "GH-AH",
    "label": "Ghana > Ashanti"
  },
  {
    "value": "GH-BA",
    "label": "Ghana > Brong-Ahafo"
  },
  {
    "value": "GH-CP",
    "label": "Ghana > Central"
  },
  {
    "value": "GH-EP",
    "label": "Ghana > Eastern"
  },
  {
    "value": "GH-NP",
    "label": "Ghana > Northern"
  },
  {
    "value": "GH-TV",
    "label": "Ghana > Volta"
  },
  {
    "value": "GH-UE",
    "label": "Ghana > Upper East"
  },
  {
    "value": "GH-UW",
    "label": "Ghana > Upper West"
  },
  {
    "value": "GH-WP",
    "label": "Ghana > Western"
  },
  {
    "value": "GM",
    "label": "The Gambia"
  },
  {
    "value": "GM-B",
    "label": "The Gambia > Banjul"
  },
  {
    "value": "GM-L",
    "label": "The Gambia > Lower River"
  },
  {
    "value": "GM-M",
    "label": "The Gambia > Central River"
  },
  {
    "value": "GM-N",
    "label": "The Gambia > North Bank"
  },
  {
    "value": "GM-U",
    "label": "The Gambia > Upper River"
  },
  {
    "value": "GM-W",
    "label": "The Gambia > Western"
  },
  {
    "value": "GN",
    "label": "Guinée"
  },
  {
    "value": "GN-BE",
    "label": "Guinée > Beyla"
  },
  {
    "value": "GN-BF",
    "label": "Guinée > Boffa"
  },
  {
    "value": "GN-BK",
    "label": "Guinée > Boké"
  },
  {
    "value": "GN-CO",
    "label": "Guinée > Coyah"
  },
  {
    "value": "GN-DB",
    "label": "Guinée > Dabola"
  },
  {
    "value": "GN-DI",
    "label": "Guinée > Dinguiraye"
  },
  {
    "value": "GN-DL",
    "label": "Guinée > Dalaba"
  },
  {
    "value": "GN-DU",
    "label": "Guinée > Dubréka"
  },
  {
    "value": "GN-FA",
    "label": "Guinée > Faranah"
  },
  {
    "value": "GN-FO",
    "label": "Guinée > Forécariah"
  },
  {
    "value": "GN-FR",
    "label": "Guinée > Fria"
  },
  {
    "value": "GN-GA",
    "label": "Guinée > Gaoual"
  },
  {
    "value": "GN-GU",
    "label": "Guinée > Gueckedou"
  },
  {
    "value": "GN-KA",
    "label": "Guinée > Kankan"
  },
  {
    "value": "GN-KB",
    "label": "Guinée > Koubia"
  },
  {
    "value": "GN-KD",
    "label": "Guinée > Kindia"
  },
  {
    "value": "GN-KE",
    "label": "Guinée > Kérouané"
  },
  {
    "value": "GN-KN",
    "label": "Guinée > Koundara"
  },
  {
    "value": "GN-KO",
    "label": "Guinée > Kouroussa"
  },
  {
    "value": "GN-KS",
    "label": "Guinée > Kissidougou"
  },
  {
    "value": "GN-LA",
    "label": "Guinée > Labé"
  },
  {
    "value": "GN-LE",
    "label": "Guinée > Lélouma"
  },
  {
    "value": "GN-LO",
    "label": "Guinée > Lola"
  },
  {
    "value": "GN-MC",
    "label": "Guinée > Macenta"
  },
  {
    "value": "GN-MD",
    "label": "Guinée > Mandiana"
  },
  {
    "value": "GN-ML",
    "label": "Guinée > Mali"
  },
  {
    "value": "GN-MM",
    "label": "Guinée > Mamou"
  },
  {
    "value": "GN-NZ",
    "label": "Guinée > Nzérékoré"
  },
  {
    "value": "GN-PI",
    "label": "Guinée > Pita"
  },
  {
    "value": "GN-SI",
    "label": "Guinée > Siguiri"
  },
  {
    "value": "GN-TE",
    "label": "Guinée > Télimélé"
  },
  {
    "value": "GN-TO",
    "label": "Guinée > Tougué"
  },
  {
    "value": "GN-YO",
    "label": "Guinée > Yomou"
  },
  {
    "value": "GW",
    "label": "Guinea-Bissau"
  },
  {
    "value": "GW-BA",
    "label": "Guinea-Bissau > Bafatá"
  },
  {
    "value": "GW-BL",
    "label": "Guinea-Bissau > Bolama"
  },
  {
    "value": "GW-BM",
    "label": "Guinea-Bissau > Biombo"
  },
  {
    "value": "GW-BS",
    "label": "Guinea-Bissau > Bissau"
  },
  {
    "value": "GW-CA",
    "label": "Guinea-Bissau > Cacheu"
  },
  {
    "value": "GW-GA",
    "label": "Guinea-Bissau > Gabú"
  },
  {
    "value": "GW-OI",
    "label": "Guinea-Bissau > Oio"
  },
  {
    "value": "GW-QU",
    "label": "Guinea-Bissau > Quinara"
  },
  {
    "value": "GW-TO",
    "label": "Guinea-Bissau > Tombali"
  },
  {
    "value": "KE",
    "label": "Kenya"
  },
  {
    "value": "KE-01",
    "label": "Kenya > Baringo"
  },
  {
    "value": "KE-02",
    "label": "Kenya > Bomet"
  },
  {
    "value": "KE-03",
    "label": "Kenya > Bungoma"
  },
  {
    "value": "KE-04",
    "label": "Kenya > Busia"
  },
  {
    "value": "KE-05",
    "label": "Kenya > Elgeyo/Marakwet"
  },
  {
    "value": "KE-06",
    "label": "Kenya > Embu"
  },
  {
    "value": "KE-07",
    "label": "Kenya > Garissa"
  },
  {
    "value": "KE-08",
    "label": "Kenya > Homa Bay"
  },
  {
    "value": "KE-09",
    "label": "Kenya > Isiolo"
  },
  {
    "value": "KE-10",
    "label": "Kenya > Kajiado"
  },
  {
    "value": "KE-11",
    "label": "Kenya > Kakamega"
  },
  {
    "value": "KE-12",
    "label": "Kenya > Kericho"
  },
  {
    "value": "KE-13",
    "label": "Kenya > Kiambu"
  },
  {
    "value": "KE-14",
    "label": "Kenya > Kilifi"
  },
  {
    "value": "KE-15",
    "label": "Kenya > Kirinyaga"
  },
  {
    "value": "KE-16",
    "label": "Kenya > Kisii"
  },
  {
    "value": "KE-17",
    "label": "Kenya > Kisumu"
  },
  {
    "value": "KE-18",
    "label": "Kenya > Kitui"
  },
  {
    "value": "KE-19",
    "label": "Kenya > Kwale"
  },
  {
    "value": "KE-20",
    "label": "Kenya > Laikipia"
  },
  {
    "value": "KE-21",
    "label": "Kenya > Lamu"
  },
  {
    "value": "KE-22",
    "label": "Kenya > Machakos"
  },
  {
    "value": "KE-23",
    "label": "Kenya > Makueni"
  },
  {
    "value": "KE-24",
    "label": "Kenya > Mandera"
  },
  {
    "value": "KE-25",
    "label": "Kenya > Marsabit"
  },
  {
    "value": "KE-26",
    "label": "Kenya > Meru"
  },
  {
    "value": "KE-27",
    "label": "Kenya > Migori"
  },
  {
    "value": "KE-28",
    "label": "Kenya > Mombasa"
  },
  {
    "value": "KE-29",
    "label": "Kenya > Murang'a"
  },
  {
    "value": "KE-30",
    "label": "Kenya > Nairobi City"
  },
  {
    "value": "KE-31",
    "label": "Kenya > Nakuru"
  },
  {
    "value": "KE-32",
    "label": "Kenya > Nandi"
  },
  {
    "value": "KE-33",
    "label": "Kenya > Narok"
  },
  {
    "value": "KE-34",
    "label": "Kenya > Nyamira"
  },
  {
    "value": "KE-35",
    "label": "Kenya > Nyandarua"
  },
  {
    "value": "KE-36",
    "label": "Kenya > Nyeri"
  },
  {
    "value": "KE-37",
    "label": "Kenya > Samburu"
  },
  {
    "value": "KE-38",
    "label": "Kenya > Siaya"
  },
  {
    "value": "KE-39",
    "label": "Kenya > Taita/Taveta"
  },
  {
    "value": "KE-40",
    "label": "Kenya > Tana River"
  },
  {
    "value": "KE-41",
    "label": "Kenya > Tharaka-Nithi"
  },
  {
    "value": "KE-42",
    "label": "Kenya > Trans Nzoia"
  },
  {
    "value": "KE-43",
    "label": "Kenya > Turkana"
  },
  {
    "value": "KE-44",
    "label": "Kenya > Uasin Gishu"
  },
  {
    "value": "KE-45",
    "label": "Kenya > Vihiga"
  },
  {
    "value": "KE-46",
    "label": "Kenya > Wajir"
  },
  {
    "value": "KE-47",
    "label": "Kenya > West Pokot"
  },
  {
    "value": "LY",
    "label": "Libya"
  },
  {
    "value": "LBY-TB",
    "label": "Libya > Tripoli"
  },
  {
    "value": "LY-BA",
    "label": "Libya > Banghāzī"
  },
  {
    "value": "LY-KF",
    "label": "Libya > Al Kufrah"
  },
  {
    "value": "LY-MQ",
    "label": "Libya > Murzuq"
  },
  {
    "value": "LY-NQ",
    "label": "Libya > Zuwara"
  },
  {
    "value": "LY-QT",
    "label": "Libya > Al Qaţrūn "
  },
  {
    "value": "LY-SB",
    "label": "Libya > Sabha"
  },
  {
    "value": "LY-WD",
    "label": "Libya > Walid al Hayaa (Aubari)"
  },
  {
    "value": "LY-ZA",
    "label": "Libya > Sabratha"
  },
  {
    "value": "MA",
    "label": "Morocco"
  },
  {
    "value": "MA-FES",
    "label": "Morocco > Fès-Dar-Dbibegh"
  },
  {
    "value": "MA-RAB",
    "label": "Morocco > Rabat"
  },
  {
    "value": "ML",
    "label": "Mali"
  },
  {
    "value": "ML-1",
    "label": "Mali > Kayes"
  },
  {
    "value": "ML-2",
    "label": "Mali > Koulikoro"
  },
  {
    "value": "ML-3",
    "label": "Mali > Sikasso"
  },
  {
    "value": "ML-4",
    "label": "Mali > Segou !Ségou"
  },
  {
    "value": "ML-5",
    "label": "Mali > Mopti"
  },
  {
    "value": "ML-6",
    "label": "Mali > Tombouctou"
  },
  {
    "value": "ML-7",
    "label": "Mali > Gao"
  },
  {
    "value": "ML-8",
    "label": "Mali > Kidal"
  },
  {
    "value": "ML-BKO",
    "label": "Mali > Bamako"
  },
  {
    "value": "MR",
    "label": "Mauritanie"
  },
  {
    "value": "MR-01",
    "label": "Mauritanie > Hodh ech Chargui"
  },
  {
    "value": "MR-02",
    "label": "Mauritanie > Hodh el Gharbi"
  },
  {
    "value": "MR-03",
    "label": "Mauritanie > Assaba"
  },
  {
    "value": "MR-04",
    "label": "Mauritanie > Gorgol"
  },
  {
    "value": "MR-05",
    "label": "Mauritanie > Brakna"
  },
  {
    "value": "MR-06",
    "label": "Mauritanie > Trarza"
  },
  {
    "value": "MR-07",
    "label": "Mauritanie > Adrar"
  },
  {
    "value": "MR-08",
    "label": "Mauritanie > Dakhlet Nouâdhibou"
  },
  {
    "value": "MR-09",
    "label": "Mauritanie > Tagant"
  },
  {
    "value": "MR-10",
    "label": "Mauritanie > Guidimaka"
  },
  {
    "value": "MR-11",
    "label": "Mauritanie > Tiris Zemmour"
  },
  {
    "value": "MR-12",
    "label": "Mauritanie > Inchiri"
  },
  {
    "value": "MR-13",
    "label": "Mauritanie > Nouakchott Ouest"
  },
  {
    "value": "MR-14",
    "label": "Mauritanie > Nouakchott Nord"
  },
  {
    "value": "MR-15",
    "label": "Mauritanie > Nouakchott Sud"
  },
  {
    "value": "MR-NKC",
    "label": "Mauritanie > Nouakchott"
  },
  {
    "value": "NE",
    "label": "Niger"
  },
  {
    "value": "NE-1",
    "label": "Niger > Agadez"
  },
  {
    "value": "NE-2",
    "label": "Niger > Diffa"
  },
  {
    "value": "NE-3",
    "label": "Niger > Dosso"
  },
  {
    "value": "NE-4",
    "label": "Niger > Maradi"
  },
  {
    "value": "NE-5",
    "label": "Niger > Tahoua"
  },
  {
    "value": "NE-6",
    "label": "Niger > Tillabéri"
  },
  {
    "value": "NE-7",
    "label": "Niger > Zinder"
  },
  {
    "value": "NE-8",
    "label": "Niger > Niamey"
  },
  {
    "value": "NG",
    "label": "Nigeria"
  },
  {
    "value": "NG-AB",
    "label": "Nigeria > Abia"
  },
  {
    "value": "NG-AD",
    "label": "Nigeria > Adamawa"
  },
  {
    "value": "NG-AK",
    "label": "Nigeria > Akwa Ibom"
  },
  {
    "value": "NG-AN",
    "label": "Nigeria > Anambra"
  },
  {
    "value": "NG-BA",
    "label": "Nigeria > Bauchi"
  },
  {
    "value": "NG-BE",
    "label": "Nigeria > Benue"
  },
  {
    "value": "NG-BO",
    "label": "Nigeria > Borno"
  },
  {
    "value": "NG-BY",
    "label": "Nigeria > Bayelsa"
  },
  {
    "value": "NG-CR",
    "label": "Nigeria > Cross River"
  },
  {
    "value": "NG-DE",
    "label": "Nigeria > Delta"
  },
  {
    "value": "NG-EB",
    "label": "Nigeria > Ebonyi"
  },
  {
    "value": "NG-ED",
    "label": "Nigeria > Edo"
  },
  {
    "value": "NG-EK",
    "label": "Nigeria > Ekiti"
  },
  {
    "value": "NG-EN",
    "label": "Nigeria > Enugu"
  },
  {
    "value": "NG-FC",
    "label": "Nigeria > Abuja Federal Capital Territory"
  },
  {
    "value": "NG-GO",
    "label": "Nigeria > Gombe"
  },
  {
    "value": "NG-IM",
    "label": "Nigeria > Imo"
  },
  {
    "value": "NG-JI",
    "label": "Nigeria > Jigawa"
  },
  {
    "value": "NG-KD",
    "label": "Nigeria > Kaduna"
  },
  {
    "value": "NG-KE",
    "label": "Nigeria > Kebbi"
  },
  {
    "value": "NG-KN",
    "label": "Nigeria > Kano"
  },
  {
    "value": "NG-KO",
    "label": "Nigeria > Kogi"
  },
  {
    "value": "NG-KT",
    "label": "Nigeria > Katsina"
  },
  {
    "value": "NG-KW",
    "label": "Nigeria > Kwara"
  },
  {
    "value": "NG-LA",
    "label": "Nigeria > Lagos"
  },
  {
    "value": "NG-NA",
    "label": "Nigeria > Nasarawa"
  },
  {
    "value": "NG-NI",
    "label": "Nigeria > Niger"
  },
  {
    "value": "NG-OG",
    "label": "Nigeria > Ogun"
  },
  {
    "value": "NG-ON",
    "label": "Nigeria > Ondo"
  },
  {
    "value": "NG-OS",
    "label": "Nigeria > Osun"
  },
  {
    "value": "NG-OY",
    "label": "Nigeria > Oyo"
  },
  {
    "value": "NG-PL",
    "label": "Nigeria > Plateau"
  },
  {
    "value": "NG-RI",
    "label": "Nigeria > Rivers"
  },
  {
    "value": "NG-SO",
    "label": "Nigeria > Sokoto"
  },
  {
    "value": "NG-TA",
    "label": "Nigeria > Taraba"
  },
  {
    "value": "NG-YO",
    "label": "Nigeria > Yobe"
  },
  {
    "value": "NG-ZA",
    "label": "Nigeria > Zamfara"
  },
  {
    "value": "RW",
    "label": "Rwanda"
  },
  {
    "value": "RW-01",
    "label": "Rwanda > City of Kigali"
  },
  {
    "value": "RW-02",
    "label": "Rwanda > Eastern"
  },
  {
    "value": "RW-03",
    "label": "Rwanda > Northern"
  },
  {
    "value": "RW-04",
    "label": "Rwanda > Western"
  },
  {
    "value": "RW-05",
    "label": "Rwanda > Southern"
  },
  {
    "value": "SD",
    "label": "Sudan"
  },
  {
    "value": "SD-DC",
    "label": "Sudan > Central Darfur"
  },
  {
    "value": "SD-DE",
    "label": "Sudan > East Darfur"
  },
  {
    "value": "SD-DN",
    "label": "Sudan > North Darfur"
  },
  {
    "value": "SD-DS",
    "label": "Sudan > South Darfur"
  },
  {
    "value": "SD-DW",
    "label": "Sudan > West Darfur"
  },
  {
    "value": "SD-GD",
    "label": "Sudan > Gedaref"
  },
  {
    "value": "SD-GK",
    "label": "Sudan > West Kordofan"
  },
  {
    "value": "SD-GZ",
    "label": "Sudan > Gezira"
  },
  {
    "value": "SD-KA",
    "label": "Sudan > Kassala"
  },
  {
    "value": "SD-KH",
    "label": "Sudan > Khartoum"
  },
  {
    "value": "SD-KN",
    "label": "Sudan > North Kordofan"
  },
  {
    "value": "SD-KS",
    "label": "Sudan > South Kordofan"
  },
  {
    "value": "SD-NB",
    "label": "Sudan > Blue Nile"
  },
  {
    "value": "SD-NO",
    "label": "Sudan > Northern"
  },
  {
    "value": "SD-NR",
    "label": "Sudan > River Nile"
  },
  {
    "value": "SD-NW",
    "label": "Sudan > White Nile"
  },
  {
    "value": "SD-RS",
    "label": "Sudan > Red Sea"
  },
  {
    "value": "SD-SI",
    "label": "Sudan > Sennar"
  },
  {
    "value": "SN",
    "label": "Senegal"
  },
  {
    "value": "SN-DB",
    "label": "Senegal > Diourbel"
  },
  {
    "value": "SN-DK",
    "label": "Senegal > Dakar"
  },
  {
    "value": "SN-FK",
    "label": "Senegal > Fatick"
  },
  {
    "value": "SN-KA",
    "label": "Senegal > Kaffrine"
  },
  {
    "value": "SN-KD",
    "label": "Senegal > Kolda"
  },
  {
    "value": "SN-KE",
    "label": "Senegal > Kédougou"
  },
  {
    "value": "SN-KL",
    "label": "Senegal > Kaolack"
  },
  {
    "value": "SN-LG",
    "label": "Senegal > Louga"
  },
  {
    "value": "SN-MT",
    "label": "Senegal > Matam"
  },
  {
    "value": "SN-SE",
    "label": "Senegal > Sédhiou"
  },
  {
    "value": "SN-SL",
    "label": "Senegal > Saint-Louis"
  },
  {
    "value": "SN-TC",
    "label": "Senegal > Tambacounda"
  },
  {
    "value": "SN-TH",
    "label": "Senegal > Thiès"
  },
  {
    "value": "SN-ZG",
    "label": "Senegal > Ziguinchor"
  },
  {
    "value": "SO",
    "label": "Somalia"
  },
  {
    "value": "SO-AW",
    "label": "Somalia > Awdal"
  },
  {
    "value": "SO-BK",
    "label": "Somalia > Bakool"
  },
  {
    "value": "SO-BN",
    "label": "Somalia > Banaadir"
  },
  {
    "value": "SO-BR",
    "label": "Somalia > Bari"
  },
  {
    "value": "SO-BY",
    "label": "Somalia > Bay"
  },
  {
    "value": "SO-GA",
    "label": "Somalia > Galguduud"
  },
  {
    "value": "SO-GE",
    "label": "Somalia > Gedo"
  },
  {
    "value": "SO-HI",
    "label": "Somalia > Hiiraan"
  },
  {
    "value": "SO-JD",
    "label": "Somalia > Jubbada Dhexe"
  },
  {
    "value": "SO-JH",
    "label": "Somalia > Jubbada Hoose"
  },
  {
    "value": "SO-MU",
    "label": "Somalia > Mudug"
  },
  {
    "value": "SO-NU",
    "label": "Somalia > Nugaal"
  },
  {
    "value": "SO-SA",
    "label": "Somalia > Sanaag"
  },
  {
    "value": "SO-SD",
    "label": "Somalia > Shabeellaha Dhexe"
  },
  {
    "value": "SO-SH",
    "label": "Somalia > Shabeellaha Hoose"
  },
  {
    "value": "SO-SO",
    "label": "Somalia > Sool"
  },
  {
    "value": "SO-TO",
    "label": "Somalia > Togdheer"
  },
  {
    "value": "SO-WO",
    "label": "Somalia > Woqooyi Galbeed"
  },
  {
    "value": "SS",
    "label": "South Sudan"
  },
  {
    "value": "SS-BN",
    "label": "South Sudan > Northern Bahr el Ghazal"
  },
  {
    "value": "SS-BW",
    "label": "South Sudan > Western Bahr el Ghazal"
  },
  {
    "value": "SS-EC",
    "label": "South Sudan > Central Equatoria"
  },
  {
    "value": "SS-EE",
    "label": "South Sudan > Eastern Equatoria"
  },
  {
    "value": "SS-EW",
    "label": "South Sudan > Western Equatoria"
  },
  {
    "value": "SS-JG",
    "label": "South Sudan > Jonglei"
  },
  {
    "value": "SS-LK",
    "label": "South Sudan > Lakes"
  },
  {
    "value": "SS-NU",
    "label": "South Sudan > Upper Nile"
  },
  {
    "value": "SS-UY",
    "label": "South Sudan > Unity"
  },
  {
    "value": "SS-WR",
    "label": "South Sudan > Warrap"
  },
  {
    "value": "TD",
    "label": "Tchad"
  },
  {
    "value": "TD-BA",
    "label": "Tchad > Batha"
  },
  {
    "value": "TD-BG",
    "label": "Tchad > Bahr el Gazel"
  },
  {
    "value": "TD-BO",
    "label": "Tchad > Borkou"
  },
  {
    "value": "TD-CB",
    "label": "Tchad > Chari-Baguirmi"
  },
  {
    "value": "TD-EE",
    "label": "Tchad > Ennedi-Est"
  },
  {
    "value": "TD-EO",
    "label": "Tchad > Ennedi-Ouest"
  },
  {
    "value": "TD-GR",
    "label": "Tchad > Guéra"
  },
  {
    "value": "TD-HL",
    "label": "Tchad > Hadjer Lamis"
  },
  {
    "value": "TD-KA",
    "label": "Tchad > Kanem"
  },
  {
    "value": "TD-LC",
    "label": "Tchad > Lac"
  },
  {
    "value": "TD-LO",
    "label": "Tchad > Logone-Occidental"
  },
  {
    "value": "TD-LR",
    "label": "Tchad > Logone-Oriental"
  },
  {
    "value": "TD-MA",
    "label": "Tchad > Mandoul"
  },
  {
    "value": "TD-MC",
    "label": "Tchad > Moyen-Chari"
  },
  {
    "value": "TD-ME",
    "label": "Tchad > Mayo-Kébbi-Est"
  },
  {
    "value": "TD-MO",
    "label": "Tchad > Mayo-Kébbi-Ouest"
  },
  {
    "value": "TD-ND",
    "label": "Tchad > Ville de Ndjamena"
  },
  {
    "value": "TD-OD",
    "label": "Tchad > Ouaddaï"
  },
  {
    "value": "TD-SA",
    "label": "Tchad > Salamat"
  },
  {
    "value": "TD-SI",
    "label": "Tchad > Sila"
  },
  {
    "value": "TD-TA",
    "label": "Tchad > Tandjilé"
  },
  {
    "value": "TD-TI",
    "label": "Tchad > Tibesti"
  },
  {
    "value": "TD-WF",
    "label": "Tchad > Wadi Fira"
  },
  {
    "value": "TN",
    "label": "Tunisia"
  },
  {
    "value": "TN-11",
    "label": "Tunisia > Tunis"
  },
  {
    "value": "TN-51",
    "label": "Tunisia > Sousse"
  },
  {
    "value": "TZ",
    "label": "Tanzania"
  },
  {
    "value": "TZ-01",
    "label": "Tanzania > Arusha"
  },
  {
    "value": "TZ-02",
    "label": "Tanzania > Dar es Salaam"
  },
  {
    "value": "TZ-03",
    "label": "Tanzania > Dodoma"
  },
  {
    "value": "TZ-04",
    "label": "Tanzania > Iringa"
  },
  {
    "value": "TZ-05",
    "label": "Tanzania > Kagera"
  },
  {
    "value": "TZ-06",
    "label": "Tanzania > Pemba North"
  },
  {
    "value": "TZ-07",
    "label": "Tanzania > Zanzibar North"
  },
  {
    "value": "TZ-08",
    "label": "Tanzania > Kigoma"
  },
  {
    "value": "TZ-09",
    "label": "Tanzania > Kilimanjaro"
  },
  {
    "value": "TZ-10",
    "label": "Tanzania > Pemba South"
  },
  {
    "value": "TZ-11",
    "label": "Tanzania > Zanzibar South"
  },
  {
    "value": "TZ-12",
    "label": "Tanzania > Lindi"
  },
  {
    "value": "TZ-13",
    "label": "Tanzania > Mara"
  },
  {
    "value": "TZ-14",
    "label": "Tanzania > Mbeya"
  },
  {
    "value": "TZ-15",
    "label": "Tanzania > Zanzibar West"
  },
  {
    "value": "TZ-16",
    "label": "Tanzania > Morogoro"
  },
  {
    "value": "TZ-17",
    "label": "Tanzania > Mtwara"
  },
  {
    "value": "TZ-18",
    "label": "Tanzania > Mwanza"
  },
  {
    "value": "TZ-19",
    "label": "Tanzania > Coast"
  },
  {
    "value": "TZ-20",
    "label": "Tanzania > Rukwa"
  },
  {
    "value": "TZ-21",
    "label": "Tanzania > Ruvuma"
  },
  {
    "value": "TZ-22",
    "label": "Tanzania > Shinyanga"
  },
  {
    "value": "TZ-23",
    "label": "Tanzania > Singida"
  },
  {
    "value": "TZ-24",
    "label": "Tanzania > Tabora"
  },
  {
    "value": "TZ-25",
    "label": "Tanzania > Tanga"
  },
  {
    "value": "TZ-26",
    "label": "Tanzania > Manyara"
  },
  {
    "value": "TZ-27",
    "label": "Tanzania > Geita"
  },
  {
    "value": "TZ-28",
    "label": "Tanzania > Katavi"
  },
  {
    "value": "TZ-29",
    "label": "Tanzania > Njombe"
  },
  {
    "value": "TZ-30",
    "label": "Tanzania > Simiyu"
  },
  {
    "value": "TZ-31",
    "label": "Tanzania > Songwe"
  },
  {
    "value": "UG",
    "label": "Ouganda"
  },
  {
    "value": "UG-101",
    "label": "Ouganda > Kalangala"
  },
  {
    "value": "UG-102",
    "label": "Ouganda > Kampala"
  },
  {
    "value": "UG-103",
    "label": "Ouganda > Kiboga"
  },
  {
    "value": "UG-104",
    "label": "Ouganda > Luwero"
  },
  {
    "value": "UG-105",
    "label": "Ouganda > Masaka"
  },
  {
    "value": "UG-106",
    "label": "Ouganda > Mpigi"
  },
  {
    "value": "UG-107",
    "label": "Ouganda > Mubende"
  },
  {
    "value": "UG-108",
    "label": "Ouganda > Mukono"
  },
  {
    "value": "UG-109",
    "label": "Ouganda > Nakasongola"
  },
  {
    "value": "UG-110",
    "label": "Ouganda > Rakai"
  },
  {
    "value": "UG-111",
    "label": "Ouganda > Sembabule"
  },
  {
    "value": "UG-112",
    "label": "Ouganda > Kayunga"
  },
  {
    "value": "UG-113",
    "label": "Ouganda > Wakiso"
  },
  {
    "value": "UG-114",
    "label": "Ouganda > Mityana"
  },
  {
    "value": "UG-115",
    "label": "Ouganda > Nakaseke"
  },
  {
    "value": "UG-116",
    "label": "Ouganda > Lyantonde"
  },
  {
    "value": "UG-117",
    "label": "Ouganda > Buikwe"
  },
  {
    "value": "UG-118",
    "label": "Ouganda > Bukomansibi"
  },
  {
    "value": "UG-119",
    "label": "Ouganda > Butambala"
  },
  {
    "value": "UG-120",
    "label": "Ouganda > Buvuma"
  },
  {
    "value": "UG-121",
    "label": "Ouganda > Gomba"
  },
  {
    "value": "UG-122",
    "label": "Ouganda > Kalungu"
  },
  {
    "value": "UG-123",
    "label": "Ouganda > Kyankwanzi"
  },
  {
    "value": "UG-124",
    "label": "Ouganda > Lwengo"
  },
  {
    "value": "UG-201",
    "label": "Ouganda > Bugiri"
  },
  {
    "value": "UG-202",
    "label": "Ouganda > Busia"
  },
  {
    "value": "UG-203",
    "label": "Ouganda > Iganga"
  },
  {
    "value": "UG-204",
    "label": "Ouganda > Jinja"
  },
  {
    "value": "UG-205",
    "label": "Ouganda > Kamuli"
  },
  {
    "value": "UG-206",
    "label": "Ouganda > Kapchorwa"
  },
  {
    "value": "UG-207",
    "label": "Ouganda > Katakwi"
  },
  {
    "value": "UG-208",
    "label": "Ouganda > Kumi"
  },
  {
    "value": "UG-209",
    "label": "Ouganda > Mbale"
  },
  {
    "value": "UG-210",
    "label": "Ouganda > Pallisa"
  },
  {
    "value": "UG-211",
    "label": "Ouganda > Soroti"
  },
  {
    "value": "UG-212",
    "label": "Ouganda > Tororo"
  },
  {
    "value": "UG-213",
    "label": "Ouganda > Kaberamaido"
  },
  {
    "value": "UG-214",
    "label": "Ouganda > Mayuge"
  },
  {
    "value": "UG-215",
    "label": "Ouganda > Sironko"
  },
  {
    "value": "UG-216",
    "label": "Ouganda > Amuria"
  },
  {
    "value": "UG-217",
    "label": "Ouganda > Budaka"
  },
  {
    "value": "UG-218",
    "label": "Ouganda > Bukwa"
  },
  {
    "value": "UG-219",
    "label": "Ouganda > Butaleja"
  },
  {
    "value": "UG-220",
    "label": "Ouganda > Kaliro"
  },
  {
    "value": "UG-221",
    "label": "Ouganda > Manafwa"
  },
  {
    "value": "UG-222",
    "label": "Ouganda > Namutumba"
  },
  {
    "value": "UG-223",
    "label": "Ouganda > Bududa"
  },
  {
    "value": "UG-224",
    "label": "Ouganda > Bukedea"
  },
  {
    "value": "UG-225",
    "label": "Ouganda > Bulambuli"
  },
  {
    "value": "UG-226",
    "label": "Ouganda > Buyende"
  },
  {
    "value": "UG-227",
    "label": "Ouganda > Kibuku"
  },
  {
    "value": "UG-228",
    "label": "Ouganda > Kween"
  },
  {
    "value": "UG-229",
    "label": "Ouganda > Luuka"
  },
  {
    "value": "UG-230",
    "label": "Ouganda > Namayingo"
  },
  {
    "value": "UG-231",
    "label": "Ouganda > Ngora"
  },
  {
    "value": "UG-232",
    "label": "Ouganda > Serere"
  },
  {
    "value": "UG-301",
    "label": "Ouganda > Adjumani"
  },
  {
    "value": "UG-302",
    "label": "Ouganda > Apac"
  },
  {
    "value": "UG-303",
    "label": "Ouganda > Arua"
  },
  {
    "value": "UG-304",
    "label": "Ouganda > Gulu"
  },
  {
    "value": "UG-305",
    "label": "Ouganda > Kitgum"
  },
  {
    "value": "UG-306",
    "label": "Ouganda > Kotido"
  },
  {
    "value": "UG-307",
    "label": "Ouganda > Lira"
  },
  {
    "value": "UG-308",
    "label": "Ouganda > Moroto"
  },
  {
    "value": "UG-309",
    "label": "Ouganda > Moyo"
  },
  {
    "value": "UG-310",
    "label": "Ouganda > Nebbi"
  },
  {
    "value": "UG-311",
    "label": "Ouganda > Nakapiripirit"
  },
  {
    "value": "UG-312",
    "label": "Ouganda > Pader"
  },
  {
    "value": "UG-313",
    "label": "Ouganda > Yumbe"
  },
  {
    "value": "UG-314",
    "label": "Ouganda > Amolatar"
  },
  {
    "value": "UG-315",
    "label": "Ouganda > Kaabong"
  },
  {
    "value": "UG-316",
    "label": "Ouganda > Koboko"
  },
  {
    "value": "UG-317",
    "label": "Ouganda > Abim"
  },
  {
    "value": "UG-318",
    "label": "Ouganda > Dokolo"
  },
  {
    "value": "UG-319",
    "label": "Ouganda > Amuru"
  },
  {
    "value": "UG-320",
    "label": "Ouganda > Maracha"
  },
  {
    "value": "UG-321",
    "label": "Ouganda > Oyam"
  },
  {
    "value": "UG-322",
    "label": "Ouganda > Agago"
  },
  {
    "value": "UG-323",
    "label": "Ouganda > Alebtong"
  },
  {
    "value": "UG-324",
    "label": "Ouganda > Amudat"
  },
  {
    "value": "UG-325",
    "label": "Ouganda > Buhweju"
  },
  {
    "value": "UG-326",
    "label": "Ouganda > Kole"
  },
  {
    "value": "UG-327",
    "label": "Ouganda > Lamwo"
  },
  {
    "value": "UG-328",
    "label": "Ouganda > Napak"
  },
  {
    "value": "UG-329",
    "label": "Ouganda > Nwoya"
  },
  {
    "value": "UG-330",
    "label": "Ouganda > Otuke"
  },
  {
    "value": "UG-331",
    "label": "Ouganda > Zombo"
  },
  {
    "value": "UG-401",
    "label": "Ouganda > Bundibugyo"
  },
  {
    "value": "UG-402",
    "label": "Ouganda > Bushenyi"
  },
  {
    "value": "UG-403",
    "label": "Ouganda > Hoima"
  },
  {
    "value": "UG-404",
    "label": "Ouganda > Kabale"
  },
  {
    "value": "UG-405",
    "label": "Ouganda > Kabarole"
  },
  {
    "value": "UG-406",
    "label": "Ouganda > Kasese"
  },
  {
    "value": "UG-407",
    "label": "Ouganda > Kibaale"
  },
  {
    "value": "UG-408",
    "label": "Ouganda > Kisoro"
  },
  {
    "value": "UG-409",
    "label": "Ouganda > Masindi"
  },
  {
    "value": "UG-410",
    "label": "Ouganda > Mbarara"
  },
  {
    "value": "UG-411",
    "label": "Ouganda > Ntungamo"
  },
  {
    "value": "UG-412",
    "label": "Ouganda > Rukungiri"
  },
  {
    "value": "UG-413",
    "label": "Ouganda > Kamwenge"
  },
  {
    "value": "UG-414",
    "label": "Ouganda > Kanungu"
  },
  {
    "value": "UG-415",
    "label": "Ouganda > Kyenjojo"
  },
  {
    "value": "UG-416",
    "label": "Ouganda > Ibanda"
  },
  {
    "value": "UG-417",
    "label": "Ouganda > Isingiro"
  },
  {
    "value": "UG-418",
    "label": "Ouganda > Kiruhura"
  },
  {
    "value": "UG-419",
    "label": "Ouganda > Buliisa"
  },
  {
    "value": "UG-420",
    "label": "Ouganda > Kiryandongo"
  },
  {
    "value": "UG-421",
    "label": "Ouganda > Kyegegwa"
  },
  {
    "value": "UG-422",
    "label": "Ouganda > Mitooma"
  },
  {
    "value": "UG-423",
    "label": "Ouganda > Ntoroko"
  },
  {
    "value": "UG-424",
    "label": "Ouganda > Rubirizi"
  },
  {
    "value": "UG-425",
    "label": "Ouganda > Sheema"
  }
]